Workbook

Sheet Asumsi
A1: Anggaran tapeout Tiny Tapeout: asumsi dan sumber
A2: Ubah hanya sel berwarna biru dengan latar kuning; lembar '1 IC' dan '2 IC' menghitung ulang sendiri. Angka biru = masukan, hitam = rumus.
A4: Asumsi | B4: Nilai | C4: Satuan | D4: Keterangan | E4: Sumber
A5: Harga per petak (tile) | B5: 70 | C5: € | D5: Harga normal kalkulator; early bird tidak dihitung (jumlahnya tidak ditemukan, sekali per orang) | E5: Tiny Tapeout Pricing Calculator
A6: Jumlah petak desain | B6: 8 | C6: petak | D6: Desain irisan 4x2 (682,64 x 225,76 µm), lolos precheck 15/15 | E6: asic/tt/info.yaml di repo ini (desain 4x2 = 8 petak)
A7: Harga devkit (demo board + breakout berisi 1 chip) | B7: 300 | C7: € | D7: Satu devkit = satu chip; chip tambahan = devkit tambahan | E7: Tiny Tapeout Pricing Calculator
A8: Ongkir Worldwide Economy per devkit | B8: 15 | C8: € | D8: Kalkulator menunjukkan €15 untuk 1 devkit; untuk 2 devkit dianggap €15 masing-masing (bisa lebih murah bila satu paket) | E8: Tiny Tapeout Pricing Calculator
A9: Kurs EUR ke IDR | B9: 20500 | C9: Rp/€ | D9: Asumsi; kurs terakhir yang ditemukan pertengahan Mei 2026 sekitar 20.400-20.700. Perbarui saat membayar | E9: Trading Economics: EUR/IDR
A10: Bea masuk barang kiriman | B10: 0.075 | D10: Tarif umum barang kiriman (PMK 4/2025). PMK 50/2026 mengubah tarif: cek ke Bea Cukai | E10: DDTC News: tarif bea masuk barang kiriman (PMK 4/2025)
A11: PPN impor | B11: 0.11 | D11: Sumber berbeda: 11% paling sering, satu sumber menyebut 12% | E11: Janio: prosedur bea cukai Indonesia (PPN, PPh dengan/tanpa NPWP)
A12: PPh impor dengan NPWP | B12: 0.1 | D12: Tanpa NPWP lihat baris berikut | E12: Janio: prosedur bea cukai Indonesia (PPN, PPh dengan/tanpa NPWP)
A13: PPh impor tanpa NPWP | B13: 0.2 | D13: Dipakai di baris 'tanpa NPWP' lembar 1 IC dan 2 IC | E13: Janio: prosedur bea cukai Indonesia (PPN, PPh dengan/tanpa NPWP)
A14: Biaya kartu / selisih kurs | B14: 0.03 | D14: Perkiraan selisih kurs bank dan biaya transaksi luar negeri
A15: Ambang de minimis (pajak berlaku di atas ini) | B15: 3 | C15: USD | D15: Nilai devkit jauh di atasnya, jadi pajak impor berlaku | E15: DHL: aturan de minimis 2026 (ambang USD 3)
A16: Margin kenaikan kurs | B16: 0.05 | D16: Cadangan bila rupiah melemah sebelum pembayaran (devkit dibayar sekarang, pajak impor dibayar saat chip tiba, sekitar Juni 2027)
A17: Kurs yang dipakai menghitung (kurs x (1 + margin)) | B17: =B9*(1+B16) -> 21525 | C17: Rp/€ | D17: Semua konversi euro ke rupiah memakai kurs ini
A19: Papan interface ke EBAZ4205 (beli lokal / JLCPCB)
A20: Barang | B20: Harga (Rp) | C20: Jumlah 1 IC | D20: Keterangan | E20: Sumber
A21: PCB adapter PMOD ke header EBAZ4205 (5 lembar) | B21: 100000 | C21: 1 | D21: Pesanan minimum 5 lembar; cukup untuk 1 atau 2 chip | E21: JLCPCB (PCB prototipe)
A22: Ongkir PCB ke Indonesia + pajak kecil | B22: 275000 | C22: 1 | D22: Perkiraan pengiriman ekonomi | E22: JLCPCB (PCB prototipe)
A23: Header pin dan konektor PMOD | B23: 50000 | C23: 1 | D23: Toko lokal
A24: Resistor seri 33 ohm (jalur clock) | B24: 10000 | C24: 1 | D24: Anjuran desain rantai | E24: docs/matcher_mini_chain.md di repo ini (resistor seri 33 ohm, pin hub 17 + N)
A25: Kabel jumper | B25: 25000 | C25: 1 | D25: Toko lokal
A26: Tambahan untuk chip kedua: konektor, kabel rantai uo_out ke uio_in | B26: 200000 | C26: 0 | D26: Hanya untuk 2 IC | E26: docs/matcher_mini_chain.md di repo ini (resistor seri 33 ohm, pin hub 17 + N)
A27: Interface untuk 1 IC | B27: =SUMPRODUCT(B21:B26,C21:C26) -> 460000
A28: Interface untuk 2 IC (semua barang) | B28: =SUM(B21:B26) -> 660000

Sheet Ringkasan
A1: Ringkasan anggaran tapeout
A3: Pos | B3: 1 IC | C3: 2 IC | D3: Selisih
A4: Dibayar ke Tiny Tapeout | B4: ='1 IC'!D8 -> 18834375 | C4: ='2 IC'!D8 -> 25614750 | D4: =C4-B4 -> 6780375
A5: Pajak impor (bea masuk + PPN + PPh, NPWP) | B5: =SUM('1 IC'!D10:D12) -> 2039197.8 | C5: =SUM('2 IC'!D10:D12) -> 4078395.6 | D5: =C5-B5 -> 2039197.8
A6: Biaya kartu / kurs | B6: ='1 IC'!D13 -> 565031.25 | C6: ='2 IC'!D13 -> 768442.5 | D6: =C6-B6 -> 203411.25
A7: Papan interface | B7: ='1 IC'!D14 -> 460000 | C7: ='2 IC'!D14 -> 660000 | D7: =C7-B7 -> 200000
A8: TOTAL dengan NPWP | B8: ='1 IC'!D16 -> 21898604 | C8: ='2 IC'!D16 -> 31121588 | D8: =C8-B8 -> 9222984
A9: TOTAL tanpa NPWP | B9: ='1 IC'!D17 -> 22627494 | C9: ='2 IC'!D17 -> 32579369 | D9: =C9-B9 -> 9951874.3
A10: di dalamnya: cadangan margin kurs | B10: ='1 IC'!D19 -> 1020885.9 | C10: ='2 IC'!D19 -> 1450551.8 | D10: =C10-B10 -> 429665.91
A12: Biaya desain (8 petak) dibayar sekali; chip kedua berarti devkit kedua. Di chip Tiny Tapeout hanya satu proyek aktif pada satu waktu, jadi rantai 2 irisan butuh 2 chip fisik.

Sheet 1 IC
A1: Anggaran 1 IC (rantai 1 irisan, 16 disparitas)
A2: Shuttle Tiny Tapeout SKY26d: tutup 30 Nov 2026, chip diperkirakan 12 Mei 2027, pengiriman sekitar 9 Jun 2027
A4: Pos | B4: Jumlah | C4: € | D4: Rupiah | E4: Catatan
A5: Desain 4x2 (dibayar sekali per desain) | B5: =Asumsi!$B$6 -> 8 | C5: =B5*Asumsi!$B$5 -> 560 | D5: =C5*Asumsi!$B$17 -> 12054000 | E5: Biaya petak; sama untuk 1 dan 2 IC
A6: Devkit (satu chip per devkit) | B6: 1 | C6: =B6*Asumsi!$B$7 -> 300 | D6: =C6*Asumsi!$B$17 -> 6457500 | E6: Chip tambahan = devkit tambahan
A7: Ongkir ke Indonesia | B7: 1 | C7: =B7*Asumsi!$B$8 -> 15 | D7: =C7*Asumsi!$B$17 -> 322875 | E7: Worldwide Economy
A8: Subtotal dibayar ke Tiny Tapeout | C8: =SUM(C5:C7) -> 875 | D8: =SUM(D5:D7) -> 18834375
A9: Nilai pabean (devkit + ongkir; biaya petak adalah jasa, tidak ikut) | D9: =D6+D7 -> 6780375
A10: Bea masuk | D10: =D9*Asumsi!$B$10 -> 508528.12 | E10: dari nilai pabean
A11: PPN impor | D11: =(D9+D10)*Asumsi!$B$11 -> 801779.34 | E11: dari nilai pabean + bea masuk
A12: PPh impor (dengan NPWP) | D12: =(D9+D10)*Asumsi!$B$12 -> 728890.31 | E12: dari nilai pabean + bea masuk
A13: Biaya kartu / selisih kurs | D13: =D8*Asumsi!$B$14 -> 565031.25 | E13: dari pembayaran ke Tiny Tapeout
A14: Papan interface ke EBAZ4205 | D14: =Asumsi!$B$27 -> 460000 | E14: rincian di lembar Asumsi
A16: TOTAL (dengan NPWP) | D16: =D8+SUM(D10:D14) -> 21898604
A17: TOTAL tanpa NPWP (PPh 20%) | D17: =D16-D12+(D9+D10)*Asumsi!$B$13 -> 22627494
A18: TOTAL dengan NPWP, dalam euro (kurs dengan margin) | D18: =D16/Asumsi!$B$17 -> 1017.3567
A19: di dalamnya: cadangan dari margin kenaikan kurs | D19: =(D16-D14)*Asumsi!$B$16/(1+Asumsi!$B$16) -> 1020885.9
A21: Catatan: pin EBAZ4205 untuk hub (17 + N) belum tersedia dengan susunan sekarang; cek header J3/J5 sebelum membeli. Ketersediaan 4x2 dan harga SKY26d perlu dikonfirmasi di kalkulator saat memesan.

Sheet 2 IC
A1: Anggaran 2 IC (rantai 2 irisan, 32 disparitas)
A2: Shuttle Tiny Tapeout SKY26d: tutup 30 Nov 2026, chip diperkirakan 12 Mei 2027, pengiriman sekitar 9 Jun 2027
A4: Pos | B4: Jumlah | C4: € | D4: Rupiah | E4: Catatan
A5: Desain 4x2 (dibayar sekali per desain) | B5: =Asumsi!$B$6 -> 8 | C5: =B5*Asumsi!$B$5 -> 560 | D5: =C5*Asumsi!$B$17 -> 12054000 | E5: Biaya petak; sama untuk 1 dan 2 IC
A6: Devkit (satu chip per devkit) | B6: 2 | C6: =B6*Asumsi!$B$7 -> 600 | D6: =C6*Asumsi!$B$17 -> 12915000 | E6: Chip tambahan = devkit tambahan
A7: Ongkir ke Indonesia | B7: 2 | C7: =B7*Asumsi!$B$8 -> 30 | D7: =C7*Asumsi!$B$17 -> 645750 | E7: Worldwide Economy
A8: Subtotal dibayar ke Tiny Tapeout | C8: =SUM(C5:C7) -> 1190 | D8: =SUM(D5:D7) -> 25614750
A9: Nilai pabean (devkit + ongkir; biaya petak adalah jasa, tidak ikut) | D9: =D6+D7 -> 13560750
A10: Bea masuk | D10: =D9*Asumsi!$B$10 -> 1017056.2 | E10: dari nilai pabean
A11: PPN impor | D11: =(D9+D10)*Asumsi!$B$11 -> 1603558.7 | E11: dari nilai pabean + bea masuk
A12: PPh impor (dengan NPWP) | D12: =(D9+D10)*Asumsi!$B$12 -> 1457780.6 | E12: dari nilai pabean + bea masuk
A13: Biaya kartu / selisih kurs | D13: =D8*Asumsi!$B$14 -> 768442.5 | E13: dari pembayaran ke Tiny Tapeout
A14: Papan interface ke EBAZ4205 | D14: =Asumsi!$B$28 -> 660000 | E14: rincian di lembar Asumsi
A16: TOTAL (dengan NPWP) | D16: =D8+SUM(D10:D14) -> 31121588
A17: TOTAL tanpa NPWP (PPh 20%) | D17: =D16-D12+(D9+D10)*Asumsi!$B$13 -> 32579369
A18: TOTAL dengan NPWP, dalam euro (kurs dengan margin) | D18: =D16/Asumsi!$B$17 -> 1445.8345
A19: di dalamnya: cadangan dari margin kenaikan kurs | D19: =(D16-D14)*Asumsi!$B$16/(1+Asumsi!$B$16) -> 1450551.8
A21: Catatan: pin EBAZ4205 untuk hub (17 + N) belum tersedia dengan susunan sekarang; cek header J3/J5 sebelum membeli. Ketersediaan 4x2 dan harga SKY26d perlu dikonfirmasi di kalkulator saat memesan.

Sheet Sumber
A1: Sumber harga dan tarif
A3: Sumber | B3: Link | C3: Dipakai untuk
A4: Tiny Tapeout Pricing Calculator | B4: https://app.tinytapeout.com/calculator?tiles=1&pcbs=1 | C4: Harga petak, devkit, ongkir
A5: Tiny Tapeout Chips (jadwal shuttle SKY26d) | B5: https://tinytapeout.com/chips/ | C5: Jadwal shuttle SKY26d
A6: Tiny Tapeout FAQ (1 chip per devkit, early bird sekali per orang) | B6: https://tinytapeout.com/faq/ | C6: 1 chip per devkit; early bird
A7: eeNews Europe: Tiny Tapeout pasca Efabless (harga €70/petak, €300/devkit) | B7: https://www.eenewseurope.com/en/tiny-tapeout-sees-industrial-boost-as-it-recovers-from-efabless-closure/ | C7: Konfirmasi €70/petak dan €300/devkit
A8: DDTC News: tarif bea masuk barang kiriman (PMK 4/2025) | B8: https://news.ddtc.co.id/berita/nasional/1808844/tarif-bea-masuk-produk-tertentu-disederhanakan-pelayanan-lebih-cepat | C8: Bea masuk 7,5% barang kiriman
A9: JDIH Kemenkeu: PMK 50 Tahun 2026 (perubahan tarif, isi belum diperiksa) | B9: https://jdih.kemenkeu.go.id/dok/pmk-50-tahun-2026/overview | C9: Perubahan tarif 2026 (perlu dicek)
A10: DHL: aturan de minimis 2026 (ambang USD 3) | B10: https://www.dhl.com/discover/en-id/logistics-advice/import-export-advice/2026-de-minimis-shipping-rules | C10: Ambang de minimis USD 3
A11: Janio: prosedur bea cukai Indonesia (PPN, PPh dengan/tanpa NPWP) | B11: https://www.janio.asia/resources/articles/tackling-indonesian-customs-clearance-procedures-for-ecommerce-merchants | C11: PPN 11%, PPh 10%/20%
A12: Trading Economics: EUR/IDR | B12: https://id.tradingeconomics.com/euridr:cur | C12: Kurs EUR/IDR
A13: JLCPCB (PCB prototipe) | B13: https://jlcpcb.com/ | C13: PCB adapter
A14: docs/matcher_mini_chain.md di repo ini (resistor seri 33 ohm, pin hub 17 + N) | B14: docs/matcher_mini_chain.md | C14: Kebutuhan interface
A15: asic/tt/info.yaml di repo ini (desain 4x2 = 8 petak) | B15: asic/tt/info.yaml | C15: Ukuran desain
A17: Diakses 14 Oktober 2026. Harga Tiny Tapeout dapat berubah; konfirmasi di kalkulator saat memesan.
